{"cameraMode":{"drawMode":0,"name":"Shaded","section":"Shading Mode"},"sceneLighting":false,"audioPlay":false,"sceneViewState":{"showFog":true,"showMaterialUpdate":false,"showSkybox":false,"showFlares":true,"showImageEffects":true,"showParticleSystems":true},"in2DMode":false,"pivot":{"x":224.974609375,"y":-155.219970703125,"z":277.83624267578127},"rotation":{"x":-0.22634075582027436,"y":-0.09828818589448929,"z":0.022931812331080438,"w":-0.9688464403152466},"size":1005.7597045898438,"orthographic":false}