{"cameraMode":{"drawMode":0,"name":"Shaded","section":"Shading Mode"},"sceneLighting":false,"audioPlay":false,"sceneViewState":{"showFog":true,"showMaterialUpdate":false,"showSkybox":false,"showFlares":true,"showImageEffects":true,"showParticleSystems":true},"in2DMode":false,"pivot":{"x":0.7185871601104736,"y":0.6880000233650208,"z":-2.4371895790100099},"rotation":{"x":0.12691591680049897,"y":-0.06096182018518448,"z":0.007815472781658173,"w":0.9900132417678833},"size":1.6708413362503052,"orthographic":false}