{"cameraMode":{"drawMode":0,"name":"Shaded","section":"Shading Mode"},"sceneLighting":true,"audioPlay":false,"sceneViewState":{"showFog":true,"showMaterialUpdate":false,"showSkybox":true,"showFlares":true,"showImageEffects":true,"showParticleSystems":true},"in2DMode":false,"pivot":{"x":-1.5156025886535645,"y":2.9861412048339845,"z":4.5578484535217289},"rotation":{"x":-0.17976601421833039,"y":-0.603062093257904,"z":0.1417950838804245,"w":-0.7641667723655701},"size":6.646517753601074,"orthographic":false}