{"cameraMode":{"drawMode":0,"name":"Shaded","section":"Shading Mode"},"sceneLighting":false,"audioPlay":false,"sceneViewState":{"showFog":true,"showMaterialUpdate":false,"showSkybox":false,"showFlares":true,"showImageEffects":true,"showParticleSystems":true},"in2DMode":false,"pivot":{"x":2.759056329727173,"y":0.5349465012550354,"z":10.345132827758789},"rotation":{"x":-0.1975923776626587,"y":0.48251521587371828,"z":-0.11275292932987213,"w":-0.845874011516571},"size":0.837228000164032,"orthographic":false}