{"cameraMode":{"drawMode":0,"name":"Shaded","section":"Shading Mode"},"sceneLighting":false,"audioPlay":false,"sceneViewState":{"showFog":true,"showMaterialUpdate":false,"showSkybox":false,"showFlares":true,"showImageEffects":true,"showParticleSystems":true},"in2DMode":false,"pivot":{"x":-3.2792646884918215,"y":-0.7017498016357422,"z":-1.1260199546813965},"rotation":{"x":-0.01945321634411812,"y":-0.9065800905227661,"z":0.41962161660194399,"w":-0.041888896375894549},"size":6.775588512420654,"orthographic":false}