{"cameraMode":{"drawMode":0,"name":"Shaded","section":"Shading Mode"},"sceneLighting":true,"audioPlay":false,"sceneViewState":{"showFog":true,"showMaterialUpdate":false,"showSkybox":true,"showFlares":true,"showImageEffects":true,"showParticleSystems":true},"in2DMode":false,"pivot":{"x":7.173142433166504,"y":1.602359652519226,"z":10.681269645690918},"rotation":{"x":-0.005984810646623373,"y":0.07044120132923126,"z":0.0004227215249557048,"w":0.997499406337738},"size":7.784731388092041,"orthographic":false}