{"cameraMode":{"drawMode":0,"name":"Shaded","section":"Shading Mode"},"sceneLighting":false,"audioPlay":false,"sceneViewState":{"showFog":true,"showMaterialUpdate":false,"showSkybox":false,"showFlares":true,"showImageEffects":true,"showParticleSystems":true},"in2DMode":false,"pivot":{"x":-1.0906931161880494,"y":-0.9068881273269653,"z":-3.871081829071045},"rotation":{"x":0.045178983360528949,"y":-0.9526719450950623,"z":0.17781244218349458,"w":0.24256481230258943},"size":4.613253593444824,"orthographic":false}