{"cameraMode":{"drawMode":0,"name":"Shaded","section":"Shading Mode"},"sceneLighting":true,"audioPlay":false,"sceneViewState":{"showFog":true,"showMaterialUpdate":false,"showSkybox":true,"showFlares":true,"showImageEffects":true,"showParticleSystems":true},"in2DMode":false,"pivot":{"x":-21.778156280517579,"y":-4.152632713317871,"z":42.402748107910159},"rotation":{"x":0.05129048600792885,"y":-0.3107914626598358,"z":0.016810758039355279,"w":0.9489560127258301},"size":42.06246566772461,"orthographic":false}