{"cameraMode":{"drawMode":0,"name":"Shaded","section":"Shading Mode"},"sceneLighting":true,"audioPlay":false,"sceneViewState":{"showFog":true,"showMaterialUpdate":false,"showSkybox":true,"showFlares":true,"showImageEffects":true,"showParticleSystems":true},"in2DMode":false,"pivot":{"x":-39.6597785949707,"y":-68.0255126953125,"z":60.09480667114258},"rotation":{"x":0.35801053047180178,"y":-0.38381874561309817,"z":0.16461174190044404,"w":0.8351783156394959},"size":119.12942504882813,"orthographic":false}