{"cameraMode":{"drawMode":0,"name":"Shaded","section":"Shading Mode"},"sceneLighting":true,"audioPlay":false,"sceneViewState":{"showFog":true,"showMaterialUpdate":false,"showSkybox":true,"showFlares":true,"showImageEffects":true,"showParticleSystems":true},"in2DMode":false,"pivot":{"x":-21.51963233947754,"y":-3.537459373474121,"z":21.637426376342775},"rotation":{"x":0.06585370004177094,"y":-0.5329479575157166,"z":0.04165509343147278,"w":0.8425592184066773},"size":28.588964462280275,"orthographic":false}