{"cameraMode":{"drawMode":0,"name":"Shaded","section":"Shading Mode"},"sceneLighting":false,"audioPlay":false,"sceneViewState":{"showFog":true,"showMaterialUpdate":false,"showSkybox":false,"showFlares":true,"showImageEffects":true,"showParticleSystems":true},"in2DMode":false,"pivot":{"x":2.497771739959717,"y":-9.809677124023438,"z":-4.127529144287109},"rotation":{"x":-0.1780775785446167,"y":-0.785716712474823,"z":0.5306212902069092,"w":-0.2635708153247833},"size":14.288354873657227,"orthographic":false}