{"cameraMode":{"drawMode":0,"name":"Shaded","section":"Shading Mode"},"sceneLighting":true,"audioPlay":false,"sceneViewState":{"showFog":true,"showMaterialUpdate":false,"showSkybox":true,"showFlares":true,"showImageEffects":true,"showParticleSystems":true},"in2DMode":false,"pivot":{"x":-11.167701721191407,"y":-2.406811237335205,"z":-2.2137107849121095},"rotation":{"x":0.02600710466504097,"y":-0.973639726638794,"z":0.14716745913028718,"w":0.1726468801498413},"size":28.75767707824707,"orthographic":false}