{"cameraMode":{"drawMode":0,"name":"Shaded","section":"Shading Mode"},"sceneLighting":true,"audioPlay":false,"sceneViewState":{"showFog":true,"showMaterialUpdate":false,"showSkybox":true,"showFlares":true,"showImageEffects":true,"showParticleSystems":true},"in2DMode":false,"pivot":{"x":25.183147430419923,"y":-48.913734436035159,"z":98.9079360961914},"rotation":{"x":0.24592944979667664,"y":0.12175010144710541,"z":-0.03113492950797081,"w":0.9611199498176575},"size":103.59071350097656,"orthographic":false}